iso_o,iso_d,year,FLOWU,FLOWP,fx_GBR
ALB,BGR,1960,1000000,357143,.35714298
ALB,BGR,1961,2000000,714286,.35714298
ALB,BGR,1962,2000000,714286,.35714298
ALB,BGR,1963,2000000,714286,.35714298
ALB,BGR,1964,1000000,357143,.35714298
ALB,BGR,1965,2000000,714286,.35714298
ALB,BGR,1966,3000000,1071429,.35714298
ALB,BGR,1967,6000000,2172620,.36210334
ALB,BGR,1968,6000000,2500002,.41666698
ALB,BGR,1969,6000000,2500002,.41666698
ALB,BGR,1970,6000000,2500002,.41666698
ALB,CZSK,1960,7000000,2500001,.35714298
ALB,CZSK,1961,11000000,3928572.8,.35714298
ALB,CZSK,1962,10000000,3571429.8,.35714298
ALB,CZSK,1963,7000000,2500001,.35714298
ALB,CZSK,1964,11000000,3928572.8,.35714298
ALB,CZSK,1965,10000000,3571429.8,.35714298
ALB,CZSK,1966,14000000,5000002,.35714298
ALB,CZSK,1967,10000000,3621033.5,.36210334
ALB,CZSK,1968,12000000,5000004,.41666698
ALB,CZSK,1969,11000000,4583337,.41666698
ALB,CZSK,1970,18000000,7500005.5,.41666698
ALB,EDEU,1960,4000000,1428572,.35714298
ALB,EDEU,1961,6000000,2142858,.35714298
ALB,EDEU,1962,5000000,1785714.9,.35714298
ALB,EDEU,1963,3000000,1071429,.35714298
ALB,EDEU,1964,6000000,2142858,.35714298
ALB,EDEU,1965,6000000,2142858,.35714298
ALB,EDEU,1966,6000000,2142858,.35714298
ALB,EDEU,1967,6000000,2172620,.36210334
ALB,EDEU,1968,6000000,2500002,.41666698
ALB,EDEU,1969,8000000,3333336,.41666698
ALB,EDEU,1970,6000000,2500002,.41666698
ALB,HUN,1960,4000000,1428572,.35714298
ALB,HUN,1961,3000000,1071429,.35714298
ALB,HUN,1962,2000000,714286,.35714298
ALB,HUN,1963,3000000,1071429,.35714298
ALB,HUN,1964,2000000,714286,.35714298
ALB,HUN,1965,2000000,714286,.35714298
ALB,HUN,1966,5000000,1785714.9,.35714298
ALB,HUN,1967,5000000,1810516.8,.36210334
ALB,HUN,1968,4000000,1666668,.41666698
ALB,HUN,1969,4000000,1666668,.41666698
ALB,HUN,1970,4000000,1666668,.41666698
ALB,POL,1960,3000000,1071429,.35714298
ALB,POL,1961,4000000,1428572,.35714298
ALB,POL,1962,5000000,1785714.9,.35714298
ALB,POL,1963,4000000,1428572,.35714298
ALB,POL,1964,6000000,2142858,.35714298
ALB,POL,1965,6000000,2142858,.35714298
ALB,POL,1966,4000000,1428572,.35714298
ALB,POL,1967,6000000,2172620,.36210334
ALB,POL,1968,6000000,2500002,.41666698
ALB,POL,1969,8000000,3333336,.41666698
ALB,POL,1970,8000000,3333336,.41666698
ALB,ROM,1960,1000000,357143,.35714298
ALB,ROM,1961,0,0,.35714298
ALB,ROM,1962,1000000,357143,.35714298
ALB,ROM,1963,2000000,714286,.35714298
ALB,ROM,1964,2000000,714286,.35714298
ALB,ROM,1965,2000000,714286,.35714298
ALB,ROM,1966,3000000,1071429,.35714298
ALB,ROM,1967,4000000,1448413.4,.36210334
ALB,ROM,1968,2000000,833334,.41666698
ALB,ROM,1969,3000000,1250001,.41666698
ALB,ROM,1970,3000000,1250001,.41666698
ARG,BGR,1960,1000000,357143,.35714298
ARG,BGR,1961,0,0,.35714298
ARG,BGR,1962,1000000,357143,.35714298
ARG,BGR,1963,0,0,.35714298
ARG,BGR,1964,9000000,3214286.8,.35714298
ARG,BGR,1965,1000000,357143,.35714298
ARG,BGR,1966,3000000,1071429,.35714298
ARG,BGR,1967,2000000,724206.69,.36210334
ARG,BGR,1968,2000000,833334,.41666698
ARG,BGR,1969,1000000,416667,.41666698
ARG,BGR,1970,2000000,833334,.41666698
ARG,CZSK,1960,14000000,5000002,.35714298
ARG,CZSK,1961,14000000,5000002,.35714298
ARG,CZSK,1962,18000000,6428573.5,.35714298
ARG,CZSK,1963,9000000,3214286.8,.35714298
ARG,CZSK,1964,7000000,2500001,.35714298
ARG,CZSK,1965,10000000,3571429.8,.35714298
ARG,CZSK,1966,8000000,2857144,.35714298
ARG,CZSK,1967,8000000,2896826.8,.36210334
ARG,CZSK,1968,2000000,833334,.41666698
ARG,CZSK,1969,7000000,2916669,.41666698
ARG,CZSK,1970,9000000,3750002.8,.41666698
ARG,EDEU,1960,3000000,1071429,.35714298
ARG,EDEU,1961,3000000,1071429,.35714298
ARG,EDEU,1962,1000000,357143,.35714298
ARG,EDEU,1963,1000000,357143,.35714298
ARG,EDEU,1964,4000000,1428572,.35714298
ARG,EDEU,1965,2000000,714286,.35714298
ARG,EDEU,1966,0,0,.35714298
ARG,EDEU,1967,2000000,724206.69,.36210334
ARG,EDEU,1968,8000000,3333336,.41666698
ARG,EDEU,1969,8000000,3333336,.41666698
ARG,EDEU,1970,3000000,1250001,.41666698
ARG,HUN,1960,9000000,3214286.8,.35714298
ARG,HUN,1961,8000000,2857144,.35714298
ARG,HUN,1962,6000000,2142858,.35714298
ARG,HUN,1963,3000000,1071429,.35714298
ARG,HUN,1964,15000000,5357145,.35714298
ARG,HUN,1965,10000000,3571429.8,.35714298
ARG,HUN,1966,13000000,4642859,.35714298
ARG,HUN,1967,10000000,3621033.5,.36210334
ARG,HUN,1968,8000000,3333336,.41666698
ARG,HUN,1969,8000000,3333336,.41666698
ARG,HUN,1970,13000000,5416671,.41666698
ARG,POL,1960,20000000,7142859.5,.35714298
ARG,POL,1961,14000000,5000002,.35714298
ARG,POL,1962,19000000,6785716.5,.35714298
ARG,POL,1963,19000000,6785716.5,.35714298
ARG,POL,1964,14000000,5000002,.35714298
ARG,POL,1965,13000000,4642859,.35714298
ARG,POL,1966,23000000,8214288.5,.35714298
ARG,POL,1967,14000000,5069447,.36210334
ARG,POL,1968,11000000,4583337,.41666698
ARG,POL,1969,15000000,6250005,.41666698
ARG,POL,1970,18000000,7500005.5,.41666698
ARG,ROM,1960,2000000,714286,.35714298
ARG,ROM,1961,1000000,357143,.35714298
ARG,ROM,1962,5000000,1785714.9,.35714298
ARG,ROM,1963,2000000,714286,.35714298
ARG,ROM,1964,3000000,1071429,.35714298
ARG,ROM,1965,1000000,357143,.35714298
ARG,ROM,1966,0,0,.35714298
ARG,ROM,1967,1000000,362103.34,.36210334
ARG,ROM,1968,1000000,416667,.41666698
ARG,ROM,1969,3000000,1250001,.41666698
ARG,ROM,1970,9000000,3750002.8,.41666698
AUT,BGR,1960,10000000,3571429.8,.35714298
AUT,BGR,1961,18000000,6428573.5,.35714298
AUT,BGR,1962,22000000,7857145.5,.35714298
AUT,BGR,1963,26000000,9285718,.35714298
AUT,BGR,1964,22000000,7857145.5,.35714298
AUT,BGR,1965,31000000,11071433,.35714298
AUT,BGR,1966,32000000,11428576,.35714298
AUT,BGR,1967,39000000,14122030,.36210334
AUT,BGR,1968,33000000,13750010,.41666698
AUT,BGR,1969,30000000,12500010,.41666698
AUT,BGR,1970,36000000,15000011,.41666698
AUT,CZSK,1960,38000000,13571433,.35714298
AUT,CZSK,1961,37000000,13214290,.35714298
AUT,CZSK,1962,35000000,12500004,.35714298
AUT,CZSK,1963,35000000,12500004,.35714298
AUT,CZSK,1964,35000000,12500004,.35714298
AUT,CZSK,1965,48000000,17142864,.35714298
AUT,CZSK,1966,62000000,22142866,.35714298
AUT,CZSK,1967,53000000,19191478,.36210334
AUT,CZSK,1968,70000000,29166688,.41666698
AUT,CZSK,1969,88000000,36666696,.41666698
AUT,CZSK,1970,102000000,42500032,.41666698
AUT,EDEU,1960,21000000,7500002.5,.35714298
AUT,EDEU,1961,21000000,7500002.5,.35714298
AUT,EDEU,1962,18000000,6428573.5,.35714298
AUT,EDEU,1963,22000000,7857145.5,.35714298
AUT,EDEU,1964,23000000,8214288.5,.35714298
AUT,EDEU,1965,31000000,11071433,.35714298
AUT,EDEU,1966,34000000,12142861,.35714298
AUT,EDEU,1967,34000000,12311514,.36210334
AUT,EDEU,1968,30000000,12500010,.41666698
AUT,EDEU,1969,28000000,11666676,.41666698
AUT,EDEU,1970,35000000,14583344,.41666698
AUT,HUN,1960,34000000,12142861,.35714298
AUT,HUN,1961,32000000,11428576,.35714298
AUT,HUN,1962,37000000,13214290,.35714298
AUT,HUN,1963,49000000,17500006,.35714298
AUT,HUN,1964,50000000,17857150,.35714298
AUT,HUN,1965,52000000,18571436,.35714298
AUT,HUN,1966,48000000,17142864,.35714298
AUT,HUN,1967,64000000,23174614,.36210334
AUT,HUN,1968,61000000,25416686,.41666698
AUT,HUN,1969,75000000,31250024,.41666698
AUT,HUN,1970,98000000,40833364,.41666698
AUT,POL,1960,23000000,8214288.5,.35714298
AUT,POL,1961,29000000,10357147,.35714298
AUT,POL,1962,30000000,10714290,.35714298
AUT,POL,1963,21000000,7500002.5,.35714298
AUT,POL,1964,27000000,9642861,.35714298
AUT,POL,1965,41000000,14642862,.35714298
AUT,POL,1966,57000000,20357150,.35714298
AUT,POL,1967,51000000,18467270,.36210334
AUT,POL,1968,51000000,21250016,.41666698
AUT,POL,1969,55000000,22916684,.41666698
AUT,POL,1970,62000000,25833354,.41666698
AUT,ROM,1960,10000000,3571429.8,.35714298
AUT,ROM,1961,15000000,5357145,.35714298
AUT,ROM,1962,18000000,6428573.5,.35714298
AUT,ROM,1963,18000000,6428573.5,.35714298
AUT,ROM,1964,26000000,9285718,.35714298
AUT,ROM,1965,24000000,8571432,.35714298
AUT,ROM,1966,30000000,10714290,.35714298
AUT,ROM,1967,54000000,19553580,.36210334
AUT,ROM,1968,46000000,19166682,.41666698
AUT,ROM,1969,50000000,20833350,.41666698
AUT,ROM,1970,59000000,24583352,.41666698
BGR,CZSK,1960,57000000,20357150,.35714298
BGR,CZSK,1961,66000000,23571438,.35714298
BGR,CZSK,1962,65000000,23214294,.35714298
BGR,CZSK,1963,69000000,24642866,.35714298
BGR,CZSK,1964,73000000,26071438,.35714298
BGR,CZSK,1965,89000000,31785726,.35714298
BGR,CZSK,1966,64000000,22857152,.35714298
BGR,CZSK,1967,79000000,28606164,.36210334
BGR,CZSK,1968,90000000,37500028,.41666698
BGR,CZSK,1969,99000000,41250032,.41666698
BGR,CZSK,1970,91000000,37916696,.41666698
BGR,EDEU,1960,55000000,19642864,.35714298
BGR,EDEU,1961,66000000,23571438,.35714298
BGR,EDEU,1962,76000000,27142866,.35714298
BGR,EDEU,1963,73000000,26071438,.35714298
BGR,EDEU,1964,80000000,28571438,.35714298
BGR,EDEU,1965,94000000,33571440,.35714298
BGR,EDEU,1966,108000000,38571444,.35714298
BGR,EDEU,1967,114000000,41279780,.36210334
BGR,EDEU,1968,122000000,50833372,.41666698
BGR,EDEU,1969,147000000,61250048,.41666698
BGR,EDEU,1970,170000000,70833384,.41666698
BGR,HUN,1960,13000000,4642859,.35714298
BGR,HUN,1961,14000000,5000002,.35714298
BGR,HUN,1962,15000000,5357145,.35714298
BGR,HUN,1963,15000000,5357145,.35714298
BGR,HUN,1964,24000000,8571432,.35714298
BGR,HUN,1965,22000000,7857145.5,.35714298
BGR,HUN,1966,28000000,10000004,.35714298
BGR,HUN,1967,40000000,14484134,.36210334
BGR,HUN,1968,29000000,12083343,.41666698
BGR,HUN,1969,32000000,13333344,.41666698
BGR,HUN,1970,49000000,20416682,.41666698
BGR,POL,1960,20000000,7142859.5,.35714298
BGR,POL,1961,21000000,7500002.5,.35714298
BGR,POL,1962,31000000,11071433,.35714298
BGR,POL,1963,33000000,11785719,.35714298
BGR,POL,1964,32000000,11428576,.35714298
BGR,POL,1965,40000000,14285719,.35714298
BGR,POL,1966,44000000,15714291,.35714298
BGR,POL,1967,45000000,16294650,.36210334
BGR,POL,1968,47000000,19583348,.41666698
BGR,POL,1969,64000000,26666688,.41666698
BGR,POL,1970,80000000,33333358,.41666698
BGR,ROM,1960,9000000,3214286.8,.35714298
BGR,ROM,1961,14000000,5000002,.35714298
BGR,ROM,1962,17000000,6071430.5,.35714298
BGR,ROM,1963,14000000,5000002,.35714298
BGR,ROM,1964,14000000,5000002,.35714298
BGR,ROM,1965,13000000,4642859,.35714298
BGR,ROM,1966,15000000,5357145,.35714298
BGR,ROM,1967,26000000,9414687,.36210334
BGR,ROM,1968,26000000,10833342,.41666698
BGR,ROM,1969,33000000,13750010,.41666698
BGR,ROM,1970,43000000,17916680,.41666698
BRA,BGR,1960,,,.35714298
BRA,BGR,1961,0,0,.35714298
BRA,BGR,1962,2000000,714286,.35714298
BRA,BGR,1963,1000000,357143,.35714298
BRA,BGR,1964,3000000,1071429,.35714298
BRA,BGR,1965,3000000,1071429,.35714298
BRA,BGR,1966,6000000,2142858,.35714298
BRA,BGR,1967,12000000,4345240,.36210334
BRA,BGR,1968,17000000,7083338.5,.41666698
BRA,BGR,1969,10000000,4166669.8,.41666698
BRA,BGR,1970,3000000,1250001,.41666698
BRA,CZSK,1960,17000000,6071430.5,.35714298
BRA,CZSK,1961,22000000,7857145.5,.35714298
BRA,CZSK,1962,12000000,4285716,.35714298
BRA,CZSK,1963,13000000,4642859,.35714298
BRA,CZSK,1964,13000000,4642859,.35714298
BRA,CZSK,1965,14000000,5000002,.35714298
BRA,CZSK,1966,13000000,4642859,.35714298
BRA,CZSK,1967,10000000,3621033.5,.36210334
BRA,CZSK,1968,9000000,3750002.8,.41666698
BRA,CZSK,1969,11000000,4583337,.41666698
BRA,CZSK,1970,15000000,6250005,.41666698
BRA,EDEU,1960,12000000,4285716,.35714298
BRA,EDEU,1961,15000000,5357145,.35714298
BRA,EDEU,1962,9000000,3214286.8,.35714298
BRA,EDEU,1963,12000000,4285716,.35714298
BRA,EDEU,1964,15000000,5357145,.35714298
BRA,EDEU,1965,14000000,5000002,.35714298
BRA,EDEU,1966,14000000,5000002,.35714298
BRA,EDEU,1967,19000000,6879963.5,.36210334
BRA,EDEU,1968,18000000,7500005.5,.41666698
BRA,EDEU,1969,20000000,8333339.5,.41666698
BRA,EDEU,1970,29000000,12083343,.41666698
BRA,HUN,1960,4000000,1428572,.35714298
BRA,HUN,1961,1000000,357143,.35714298
BRA,HUN,1962,4000000,1428572,.35714298
BRA,HUN,1963,4000000,1428572,.35714298
BRA,HUN,1964,6000000,2142858,.35714298
BRA,HUN,1965,8000000,2857144,.35714298
BRA,HUN,1966,13000000,4642859,.35714298
BRA,HUN,1967,10000000,3621033.5,.36210334
BRA,HUN,1968,16000000,6666672,.41666698
BRA,HUN,1969,10000000,4166669.8,.41666698
BRA,HUN,1970,15000000,6250005,.41666698
BRA,POL,1960,26000000,9285718,.35714298
BRA,POL,1961,16000000,5714288,.35714298
BRA,POL,1962,6000000,2142858,.35714298
BRA,POL,1963,12000000,4285716,.35714298
BRA,POL,1964,8000000,2857144,.35714298
BRA,POL,1965,7000000,2500001,.35714298
BRA,POL,1966,7000000,2500001,.35714298
BRA,POL,1967,14000000,5069447,.36210334
BRA,POL,1968,13000000,5416671,.41666698
BRA,POL,1969,19000000,7916672.5,.41666698
BRA,POL,1970,19000000,7916672.5,.41666698
BRA,ROM,1960,1000000,357143,.35714298
BRA,ROM,1961,2000000,714286,.35714298
BRA,ROM,1962,3000000,1071429,.35714298
BRA,ROM,1963,6000000,2142858,.35714298
BRA,ROM,1964,4000000,1428572,.35714298
BRA,ROM,1965,5000000,1785714.9,.35714298
BRA,ROM,1966,2000000,714286,.35714298
BRA,ROM,1967,1000000,362103.34,.36210334
BRA,ROM,1968,4000000,1666668,.41666698
BRA,ROM,1969,1000000,416667,.41666698
BRA,ROM,1970,5000000,2083334.9,.41666698
CHN,BGR,1960,10000000,3571429.8,.35714298
CHN,BGR,1961,4000000,1428572,.35714298
CHN,BGR,1962,3000000,1071429,.35714298
CHN,BGR,1963,2000000,714286,.35714298
CHN,BGR,1964,1000000,357143,.35714298
CHN,BGR,1965,1000000,357143,.35714298
CHN,BGR,1966,2000000,714286,.35714298
CHN,BGR,1967,1000000,362103.34,.36210334
CHN,BGR,1968,2000000,833334,.41666698
CHN,BGR,1969,2000000,833334,.41666698
CHN,BGR,1970,1000000,416667,.41666698
CHN,CZSK,1960,93000000,33214298,.35714298
CHN,CZSK,1961,42000000,15000005,.35714298
CHN,CZSK,1962,26000000,9285718,.35714298
CHN,CZSK,1963,29000000,10357147,.35714298
CHN,CZSK,1964,21000000,7500002.5,.35714298
CHN,CZSK,1965,13000000,4642859,.35714298
CHN,CZSK,1966,24000000,8571432,.35714298
CHN,CZSK,1967,14000000,5069447,.36210334
CHN,CZSK,1968,20000000,8333339.5,.41666698
CHN,CZSK,1969,32000000,13333344,.41666698
CHN,CZSK,1970,25000000,10416675,.41666698
CHN,EDEU,1960,100000000,35714300,.35714298
CHN,EDEU,1961,40000000,14285719,.35714298
CHN,EDEU,1962,32000000,11428576,.35714298
CHN,EDEU,1963,25000000,8928575,.35714298
CHN,EDEU,1964,20000000,7142859.5,.35714298
CHN,EDEU,1965,25000000,8928575,.35714298
CHN,EDEU,1966,32000000,11428576,.35714298
CHN,EDEU,1967,35000000,12673617,.36210334
CHN,EDEU,1968,28000000,11666676,.41666698
CHN,EDEU,1969,34000000,14166677,.41666698
CHN,EDEU,1970,36000000,15000011,.41666698
CHN,HUN,1960,36000000,12857147,.35714298
CHN,HUN,1961,17000000,6071430.5,.35714298
CHN,HUN,1962,11000000,3928572.8,.35714298
CHN,HUN,1963,20000000,7142859.5,.35714298
CHN,HUN,1964,15000000,5357145,.35714298
CHN,HUN,1965,11000000,3928572.8,.35714298
CHN,HUN,1966,16000000,5714288,.35714298
CHN,HUN,1967,7000000,2534723.5,.36210334
CHN,HUN,1968,9000000,3750002.8,.41666698
CHN,HUN,1969,12000000,5000004,.41666698
CHN,HUN,1970,13000000,5416671,.41666698
CHN,POL,1960,46000000,16428577,.35714298
CHN,POL,1961,21000000,7500002.5,.35714298
CHN,POL,1962,23000000,8214288.5,.35714298
CHN,POL,1963,25000000,8928575,.35714298
CHN,POL,1964,25000000,8928575,.35714298
CHN,POL,1965,25000000,8928575,.35714298
CHN,POL,1966,23000000,8214288.5,.35714298
CHN,POL,1967,19000000,6879963.5,.36210334
CHN,POL,1968,31000000,12916677,.41666698
CHN,POL,1969,23000000,9583341,.41666698
CHN,POL,1970,24000000,10000008,.41666698
CHN,ROM,1960,24000000,8571432,.35714298
CHN,ROM,1961,20000000,7142859.5,.35714298
CHN,ROM,1962,10000000,3571429.8,.35714298
CHN,ROM,1963,14000000,5000002,.35714298
CHN,ROM,1964,18000000,6428573.5,.35714298
CHN,ROM,1965,22000000,7857145.5,.35714298
CHN,ROM,1966,32000000,11428576,.35714298
CHN,ROM,1967,33000000,11949410,.36210334
CHN,ROM,1968,44000000,18333348,.41666698
CHN,ROM,1969,42000000,17500014,.41666698
CHN,ROM,1970,62000000,25833354,.41666698
CUB,BGR,1960,,,.35714298
CUB,BGR,1961,8000000,2857144,.35714298
CUB,BGR,1962,12000000,4285716,.35714298
CUB,BGR,1963,9000000,3214286.8,.35714298
CUB,BGR,1964,13000000,4642859,.35714298
CUB,BGR,1965,22000000,7857145.5,.35714298
CUB,BGR,1966,20000000,7142859.5,.35714298
CUB,BGR,1967,20000000,7242067,.36210334
CUB,BGR,1968,28000000,11666676,.41666698
CUB,BGR,1969,26000000,10833342,.41666698
CUB,BGR,1970,31000000,12916677,.41666698
CUB,CZSK,1960,1000000,357143,.35714298
CUB,CZSK,1961,29000000,10357147,.35714298
CUB,CZSK,1962,37000000,13214290,.35714298
CUB,CZSK,1963,40000000,14285719,.35714298
CUB,CZSK,1964,14000000,5000002,.35714298
CUB,CZSK,1965,40000000,14285719,.35714298
CUB,CZSK,1966,49000000,17500006,.35714298
CUB,CZSK,1967,35000000,12673617,.36210334
CUB,CZSK,1968,45000000,18750014,.41666698
CUB,CZSK,1969,37000000,15416678,.41666698
CUB,CZSK,1970,56000000,23333352,.41666698
CUB,EDEU,1960,4000000,1428572,.35714298
CUB,EDEU,1961,12000000,4285716,.35714298
CUB,EDEU,1962,28000000,10000004,.35714298
CUB,EDEU,1963,40000000,14285719,.35714298
CUB,EDEU,1964,17000000,6071430.5,.35714298
CUB,EDEU,1965,26000000,9285718,.35714298
CUB,EDEU,1966,32000000,11428576,.35714298
CUB,EDEU,1967,36000000,13035720,.36210334
CUB,EDEU,1968,35000000,14583344,.41666698
CUB,EDEU,1969,35000000,14583344,.41666698
CUB,EDEU,1970,52000000,21666684,.41666698
CUB,HUN,1960,,,.35714298
CUB,HUN,1961,8000000,2857144,.35714298
CUB,HUN,1962,10000000,3571429.8,.35714298
CUB,HUN,1963,13000000,4642859,.35714298
CUB,HUN,1964,1000000,357143,.35714298
CUB,HUN,1965,0,0,.35714298
CUB,HUN,1966,3000000,1071429,.35714298
CUB,HUN,1967,4000000,1448413.4,.36210334
CUB,HUN,1968,4000000,1666668,.41666698
CUB,HUN,1969,4000000,1666668,.41666698
CUB,HUN,1970,6000000,2500002,.41666698
CUB,POL,1960,10000000,3571429.8,.35714298
CUB,POL,1961,24000000,8571432,.35714298
CUB,POL,1962,19000000,6785716.5,.35714298
CUB,POL,1963,17000000,6071430.5,.35714298
CUB,POL,1964,8000000,2857144,.35714298
CUB,POL,1965,4000000,1428572,.35714298
CUB,POL,1966,13000000,4642859,.35714298
CUB,POL,1967,8000000,2896826.8,.36210334
CUB,POL,1968,6000000,2500002,.41666698
CUB,POL,1969,8000000,3333336,.41666698
CUB,POL,1970,4000000,1666668,.41666698
CUB,ROM,1960,,,.35714298
CUB,ROM,1961,1000000,357143,.35714298
CUB,ROM,1962,6000000,2142858,.35714298
CUB,ROM,1963,8000000,2857144,.35714298
CUB,ROM,1964,0,0,.35714298
CUB,ROM,1965,0,0,.35714298
CUB,ROM,1966,1000000,357143,.35714298
CUB,ROM,1967,1000000,362103.34,.36210334
CUB,ROM,1968,7000000,2916669,.41666698
CUB,ROM,1969,10000000,4166669.8,.41666698
CUB,ROM,1970,13000000,5416671,.41666698
CZSK,BGR,1960,62000000,22142866,.35714298
CZSK,BGR,1961,55000000,19642864,.35714298
CZSK,BGR,1962,61000000,21785722,.35714298
CZSK,BGR,1963,81000000,28928582,.35714298
CZSK,BGR,1964,63000000,22500008,.35714298
CZSK,BGR,1965,76000000,27142866,.35714298
CZSK,BGR,1966,78000000,27857152,.35714298
CZSK,BGR,1967,98000000,35486128,.36210334
CZSK,BGR,1968,83000000,34583360,.41666698
CZSK,BGR,1969,79000000,32916692,.41666698
CZSK,BGR,1970,96000000,40000032,.41666698
CZSK,EDEU,1960,187000000,66785740,.35714298
CZSK,EDEU,1961,218000000,77857168,.35714298
CZSK,EDEU,1962,225000000,80357168,.35714298
CZSK,EDEU,1963,216000000,77142888,.35714298
CZSK,EDEU,1964,250000000,89285744,.35714298
CZSK,EDEU,1965,263000000,93928608,.35714298
CZSK,EDEU,1966,294000000,105000040,.35714298
CZSK,EDEU,1967,318000000,115148864,.36210334
CZSK,EDEU,1968,329000000,137083440,.41666698
CZSK,EDEU,1969,368000000,153333456,.41666698
CZSK,EDEU,1970,457000000,190416816,.41666698
CZSK,HUN,1960,112000000,40000016,.35714298
CZSK,HUN,1961,103000000,36785728,.35714298
CZSK,HUN,1962,126000000,45000016,.35714298
CZSK,HUN,1963,150000000,53571448,.35714298
CZSK,HUN,1964,155000000,55357164,.35714298
CZSK,HUN,1965,134000000,47857160,.35714298
CZSK,HUN,1966,133000000,47500016,.35714298
CZSK,HUN,1967,152000000,55039708,.36210334
CZSK,HUN,1968,160000000,66666716,.41666698
CZSK,HUN,1969,141000000,58750044,.41666698
CZSK,HUN,1970,198000000,82500064,.41666698
CZSK,POL,1960,127000000,45357160,.35714298
CZSK,POL,1961,163000000,58214308,.35714298
CZSK,POL,1962,199000000,71071456,.35714298
CZSK,POL,1963,193000000,68928600,.35714298
CZSK,POL,1964,193000000,68928600,.35714298
CZSK,POL,1965,244000000,87142888,.35714298
CZSK,POL,1966,233000000,83214312,.35714298
CZSK,POL,1967,235000000,85094288,.36210334
CZSK,POL,1968,229000000,95416736,.41666698
CZSK,POL,1969,245000000,102083408,.41666698
CZSK,POL,1970,310000000,129166768,.41666698
CZSK,ROM,1960,64000000,22857152,.35714298
CZSK,ROM,1961,76000000,27142866,.35714298
CZSK,ROM,1962,89000000,31785726,.35714298
CZSK,ROM,1963,102000000,36428584,.35714298
CZSK,ROM,1964,96000000,34285728,.35714298
CZSK,ROM,1965,70000000,25000008,.35714298
CZSK,ROM,1966,70000000,25000008,.35714298
CZSK,ROM,1967,90000000,32589300,.36210334
CZSK,ROM,1968,100000000,41666700,.41666698
CZSK,ROM,1969,109000000,45416700,.41666698
CZSK,ROM,1970,159000000,66250052,.41666698
EDEU,BGR,1960,70000000,25000008,.35714298
EDEU,BGR,1961,84000000,30000010,.35714298
EDEU,BGR,1962,68000000,24285722,.35714298
EDEU,BGR,1963,97000000,34642868,.35714298
EDEU,BGR,1964,90000000,32142868,.35714298
EDEU,BGR,1965,85000000,30357154,.35714298
EDEU,BGR,1966,104000000,37142872,.35714298
EDEU,BGR,1967,126000000,45625020,.36210334
EDEU,BGR,1968,150000000,62500048,.41666698
EDEU,BGR,1969,153000000,63750048,.41666698
EDEU,BGR,1970,157000000,65416716,.41666698
EDEU,CZSK,1960,198000000,70714312,.35714298
EDEU,CZSK,1961,230000000,82142888,.35714298
EDEU,CZSK,1962,228000000,81428600,.35714298
EDEU,CZSK,1963,233000000,83214312,.35714298
EDEU,CZSK,1964,254000000,90714320,.35714298
EDEU,CZSK,1965,288000000,102857176,.35714298
EDEU,CZSK,1966,318000000,113571472,.35714298
EDEU,CZSK,1967,320000000,115873072,.36210334
EDEU,CZSK,1968,400000000,166666800,.41666698
EDEU,CZSK,1969,415000000,172916800,.41666698
EDEU,CZSK,1970,446000000,185833472,.41666698
EDEU,HUN,1960,101000000,36071440,.35714298
EDEU,HUN,1961,105000000,37500012,.35714298
EDEU,HUN,1962,117000000,41785728,.35714298
EDEU,HUN,1963,133000000,47500016,.35714298
EDEU,HUN,1964,133000000,47500016,.35714298
EDEU,HUN,1965,131000000,46785732,.35714298
EDEU,HUN,1966,152000000,54285732,.35714298
EDEU,HUN,1967,194000000,70248048,.36210334
EDEU,HUN,1968,196000000,81666728,.41666698
EDEU,HUN,1969,192000000,80000064,.41666698
EDEU,HUN,1970,261000000,108750080,.41666698
EDEU,POL,1960,186000000,66428596,.35714298
EDEU,POL,1961,203000000,72500024,.35714298
EDEU,POL,1962,235000000,83928600,.35714298
EDEU,POL,1963,253000000,90357176,.35714298
EDEU,POL,1964,236000000,84285744,.35714298
EDEU,POL,1965,271000000,96785752,.35714298
EDEU,POL,1966,280000000,100000032,.35714298
EDEU,POL,1967,292000000,105734176,.36210334
EDEU,POL,1968,296000000,123333424,.41666698
EDEU,POL,1969,320000000,133333432,.41666698
EDEU,POL,1970,400000000,166666800,.41666698
EDEU,ROM,1960,52000000,18571436,.35714298
EDEU,ROM,1961,59000000,21071436,.35714298
EDEU,ROM,1962,56000000,20000008,.35714298
EDEU,ROM,1963,64000000,22857152,.35714298
EDEU,ROM,1964,68000000,24285722,.35714298
EDEU,ROM,1965,62000000,22142866,.35714298
EDEU,ROM,1966,84000000,30000010,.35714298
EDEU,ROM,1967,92000000,33313508,.36210334
EDEU,ROM,1968,91000000,37916696,.41666698
EDEU,ROM,1969,84000000,35000028,.41666698
EDEU,ROM,1970,115000000,47916704,.41666698
EGY,BGR,1960,7000000,2500001,.35714298
EGY,BGR,1961,4000000,1428572,.35714298
EGY,BGR,1962,2000000,714286,.35714298
EGY,BGR,1963,4000000,1428572,.35714298
EGY,BGR,1964,7000000,2500001,.35714298
EGY,BGR,1965,6000000,2142858,.35714298
EGY,BGR,1966,6000000,2142858,.35714298
EGY,BGR,1967,6000000,2172620,.36210334
EGY,BGR,1968,8000000,3333336,.41666698
EGY,BGR,1969,13000000,5416671,.41666698
EGY,BGR,1970,10000000,4166669.8,.41666698
EGY,CZSK,1960,22000000,7857145.5,.35714298
EGY,CZSK,1961,50000000,17857150,.35714298
EGY,CZSK,1962,25000000,8928575,.35714298
EGY,CZSK,1963,33000000,11785719,.35714298
EGY,CZSK,1964,31000000,11071433,.35714298
EGY,CZSK,1965,29000000,10357147,.35714298
EGY,CZSK,1966,50000000,17857150,.35714298
EGY,CZSK,1967,40000000,14484134,.36210334
EGY,CZSK,1968,38000000,15833345,.41666698
EGY,CZSK,1969,37000000,15416678,.41666698
EGY,CZSK,1970,39000000,16250012,.41666698
EGY,EDEU,1960,31000000,11071433,.35714298
EGY,EDEU,1961,18000000,6428573.5,.35714298
EGY,EDEU,1962,17000000,6071430.5,.35714298
EGY,EDEU,1963,15000000,5357145,.35714298
EGY,EDEU,1964,19000000,6785716.5,.35714298
EGY,EDEU,1965,25000000,8928575,.35714298
EGY,EDEU,1966,23000000,8214288.5,.35714298
EGY,EDEU,1967,26000000,9414687,.36210334
EGY,EDEU,1968,28000000,11666676,.41666698
EGY,EDEU,1969,40000000,16666679,.41666698
EGY,EDEU,1970,45000000,18750014,.41666698
EGY,HUN,1960,8000000,2857144,.35714298
EGY,HUN,1961,10000000,3571429.8,.35714298
EGY,HUN,1962,6000000,2142858,.35714298
EGY,HUN,1963,12000000,4285716,.35714298
EGY,HUN,1964,14000000,5000002,.35714298
EGY,HUN,1965,8000000,2857144,.35714298
EGY,HUN,1966,16000000,5714288,.35714298
EGY,HUN,1967,13000000,4707343.5,.36210334
EGY,HUN,1968,8000000,3333336,.41666698
EGY,HUN,1969,9000000,3750002.8,.41666698
EGY,HUN,1970,18000000,7500005.5,.41666698
EGY,POL,1960,11000000,3928572.8,.35714298
EGY,POL,1961,10000000,3571429.8,.35714298
EGY,POL,1962,7000000,2500001,.35714298
EGY,POL,1963,11000000,3928572.8,.35714298
EGY,POL,1964,13000000,4642859,.35714298
EGY,POL,1965,17000000,6071430.5,.35714298
EGY,POL,1966,15000000,5357145,.35714298
EGY,POL,1967,13000000,4707343.5,.36210334
EGY,POL,1968,22000000,9166674,.41666698
EGY,POL,1969,25000000,10416675,.41666698
EGY,POL,1970,20000000,8333339.5,.41666698
EGY,ROM,1960,8000000,2857144,.35714298
EGY,ROM,1961,16000000,5714288,.35714298
EGY,ROM,1962,13000000,4642859,.35714298
EGY,ROM,1963,12000000,4285716,.35714298
EGY,ROM,1964,14000000,5000002,.35714298
EGY,ROM,1965,17000000,6071430.5,.35714298
EGY,ROM,1966,19000000,6785716.5,.35714298
EGY,ROM,1967,16000000,5793653.5,.36210334
EGY,ROM,1968,18000000,7500005.5,.41666698
EGY,ROM,1969,13000000,5416671,.41666698
EGY,ROM,1970,19000000,7916672.5,.41666698
FRA,BGR,1960,8000000,2857144,.35714298
FRA,BGR,1961,10000000,3571429.8,.35714298
FRA,BGR,1962,11000000,3928572.8,.35714298
FRA,BGR,1963,16000000,5714288,.35714298
FRA,BGR,1964,30000000,10714290,.35714298
FRA,BGR,1965,25000000,8928575,.35714298
FRA,BGR,1966,48000000,17142864,.35714298
FRA,BGR,1967,35000000,12673617,.36210334
FRA,BGR,1968,49000000,20416682,.41666698
FRA,BGR,1969,25000000,10416675,.41666698
FRA,BGR,1970,44000000,18333348,.41666698
FRA,CZSK,1960,17000000,6071430.5,.35714298
FRA,CZSK,1961,23000000,8214288.5,.35714298
FRA,CZSK,1962,27000000,9642861,.35714298
FRA,CZSK,1963,25000000,8928575,.35714298
FRA,CZSK,1964,19000000,6785716.5,.35714298
FRA,CZSK,1965,22000000,7857145.5,.35714298
FRA,CZSK,1966,36000000,12857147,.35714298
FRA,CZSK,1967,47000000,17018858,.36210334
FRA,CZSK,1968,44000000,18333348,.41666698
FRA,CZSK,1969,48000000,20000016,.41666698
FRA,CZSK,1970,61000000,25416686,.41666698
FRA,EDEU,1960,18000000,6428573.5,.35714298
FRA,EDEU,1961,28000000,10000004,.35714298
FRA,EDEU,1962,15000000,5357145,.35714298
FRA,EDEU,1963,17000000,6071430.5,.35714298
FRA,EDEU,1964,23000000,8214288.5,.35714298
FRA,EDEU,1965,42000000,15000005,.35714298
FRA,EDEU,1966,46000000,16428577,.35714298
FRA,EDEU,1967,38000000,13759927,.36210334
FRA,EDEU,1968,27000000,11250009,.41666698
FRA,EDEU,1969,28000000,11666676,.41666698
FRA,EDEU,1970,67000000,27916688,.41666698
FRA,HUN,1960,25000000,8928575,.35714298
FRA,HUN,1961,26000000,9285718,.35714298
FRA,HUN,1962,32000000,11428576,.35714298
FRA,HUN,1963,45000000,16071434,.35714298
FRA,HUN,1964,30000000,10714290,.35714298
FRA,HUN,1965,27000000,9642861,.35714298
FRA,HUN,1966,33000000,11785719,.35714298
FRA,HUN,1967,35000000,12673617,.36210334
FRA,HUN,1968,34000000,14166677,.41666698
FRA,HUN,1969,47000000,19583348,.41666698
FRA,HUN,1970,52000000,21666684,.41666698
FRA,POL,1960,26000000,9285718,.35714298
FRA,POL,1961,20000000,7142859.5,.35714298
FRA,POL,1962,26000000,9285718,.35714298
FRA,POL,1963,45000000,16071434,.35714298
FRA,POL,1964,45000000,16071434,.35714298
FRA,POL,1965,35000000,12500004,.35714298
FRA,POL,1966,59000000,21071436,.35714298
FRA,POL,1967,62000000,22450408,.36210334
FRA,POL,1968,92000000,38333364,.41666698
FRA,POL,1969,91000000,37916696,.41666698
FRA,POL,1970,88000000,36666696,.41666698
FRA,ROM,1960,25000000,8928575,.35714298
FRA,ROM,1961,25000000,8928575,.35714298
FRA,ROM,1962,21000000,7500002.5,.35714298
FRA,ROM,1963,24000000,8571432,.35714298
FRA,ROM,1964,45000000,16071434,.35714298
FRA,ROM,1965,49000000,17500006,.35714298
FRA,ROM,1966,57000000,20357150,.35714298
FRA,ROM,1967,80000000,28968268,.36210334
FRA,ROM,1968,81000000,33750024,.41666698
FRA,ROM,1969,94000000,39166696,.41666698
FRA,ROM,1970,112000000,46666704,.41666698
GBR,BGR,1960,11000000,3928572.8,.35714298
GBR,BGR,1961,8000000,2857144,.35714298
GBR,BGR,1962,12000000,4285716,.35714298
GBR,BGR,1963,17000000,6071430.5,.35714298
GBR,BGR,1964,17000000,6071430.5,.35714298
GBR,BGR,1965,19000000,6785716.5,.35714298
GBR,BGR,1966,32000000,11428576,.35714298
GBR,BGR,1967,20000000,7242067,.36210334
GBR,BGR,1968,20000000,8333339.5,.41666698
GBR,BGR,1969,20000000,8333339.5,.41666698
GBR,BGR,1970,45000000,18750014,.41666698
GBR,CZSK,1960,54000000,19285722,.35714298
GBR,CZSK,1961,61000000,21785722,.35714298
GBR,CZSK,1962,61000000,21785722,.35714298
GBR,CZSK,1963,84000000,30000010,.35714298
GBR,CZSK,1964,92000000,32857154,.35714298
GBR,CZSK,1965,74000000,26428580,.35714298
GBR,CZSK,1966,96000000,34285728,.35714298
GBR,CZSK,1967,72000000,26071440,.36210334
GBR,CZSK,1968,80000000,33333358,.41666698
GBR,CZSK,1969,78000000,32500024,.41666698
GBR,CZSK,1970,93000000,38750028,.41666698
GBR,EDEU,1960,42000000,15000005,.35714298
GBR,EDEU,1961,51000000,18214292,.35714298
GBR,EDEU,1962,34000000,12142861,.35714298
GBR,EDEU,1963,42000000,15000005,.35714298
GBR,EDEU,1964,31000000,11071433,.35714298
GBR,EDEU,1965,42000000,15000005,.35714298
GBR,EDEU,1966,52000000,18571436,.35714298
GBR,EDEU,1967,47000000,17018858,.36210334
GBR,EDEU,1968,38000000,15833345,.41666698
GBR,EDEU,1969,53000000,22083350,.41666698
GBR,EDEU,1970,89000000,37083360,.41666698
GBR,HUN,1960,31000000,11071433,.35714298
GBR,HUN,1961,40000000,14285719,.35714298
GBR,HUN,1962,42000000,15000005,.35714298
GBR,HUN,1963,39000000,13928576,.35714298
GBR,HUN,1964,46000000,16428577,.35714298
GBR,HUN,1965,50000000,17857150,.35714298
GBR,HUN,1966,56000000,20000008,.35714298
GBR,HUN,1967,57000000,20639890,.36210334
GBR,HUN,1968,52000000,21666684,.41666698
GBR,HUN,1969,66000000,27500020,.41666698
GBR,HUN,1970,92000000,38333364,.41666698
GBR,POL,1960,89000000,31785726,.35714298
GBR,POL,1961,102000000,36428584,.35714298
GBR,POL,1962,119000000,42500016,.35714298
GBR,POL,1963,104000000,37142872,.35714298
GBR,POL,1964,82000000,29285724,.35714298
GBR,POL,1965,96000000,34285728,.35714298
GBR,POL,1966,160000000,57142876,.35714298
GBR,POL,1967,178000000,64454396,.36210334
GBR,POL,1968,175000000,72916720,.41666698
GBR,POL,1969,184000000,76666728,.41666698
GBR,POL,1970,191000000,79583392,.41666698
GBR,ROM,1960,18000000,6428573.5,.35714298
GBR,ROM,1961,51000000,18214292,.35714298
GBR,ROM,1962,44000000,15714291,.35714298
GBR,ROM,1963,50000000,17857150,.35714298
GBR,ROM,1964,42000000,15000005,.35714298
GBR,ROM,1965,44000000,15714291,.35714298
GBR,ROM,1966,46000000,16428577,.35714298
GBR,ROM,1967,51000000,18467270,.36210334
GBR,ROM,1968,100000000,41666700,.41666698
GBR,ROM,1969,102000000,42500032,.41666698
GBR,ROM,1970,99000000,41250032,.41666698
GRC,BGR,1960,2000000,714286,.35714298
GRC,BGR,1961,2000000,714286,.35714298
GRC,BGR,1962,3000000,1071429,.35714298
GRC,BGR,1963,4000000,1428572,.35714298
GRC,BGR,1964,6000000,2142858,.35714298
GRC,BGR,1965,10000000,3571429.8,.35714298
GRC,BGR,1966,17000000,6071430.5,.35714298
GRC,BGR,1967,8000000,2896826.8,.36210334
GRC,BGR,1968,14000000,5833338,.41666698
GRC,BGR,1969,12000000,5000004,.41666698
GRC,BGR,1970,17000000,7083338.5,.41666698
GRC,CZSK,1960,8000000,2857144,.35714298
GRC,CZSK,1961,11000000,3928572.8,.35714298
GRC,CZSK,1962,8000000,2857144,.35714298
GRC,CZSK,1963,9000000,3214286.8,.35714298
GRC,CZSK,1964,7000000,2500001,.35714298
GRC,CZSK,1965,8000000,2857144,.35714298
GRC,CZSK,1966,10000000,3571429.8,.35714298
GRC,CZSK,1967,11000000,3983136.8,.36210334
GRC,CZSK,1968,11000000,4583337,.41666698
GRC,CZSK,1969,11000000,4583337,.41666698
GRC,CZSK,1970,12000000,5000004,.41666698
GRC,EDEU,1960,2000000,714286,.35714298
GRC,EDEU,1961,7000000,2500001,.35714298
GRC,EDEU,1962,5000000,1785714.9,.35714298
GRC,EDEU,1963,5000000,1785714.9,.35714298
GRC,EDEU,1964,5000000,1785714.9,.35714298
GRC,EDEU,1965,11000000,3928572.8,.35714298
GRC,EDEU,1966,9000000,3214286.8,.35714298
GRC,EDEU,1967,7000000,2534723.5,.36210334
GRC,EDEU,1968,8000000,3333336,.41666698
GRC,EDEU,1969,8000000,3333336,.41666698
GRC,EDEU,1970,12000000,5000004,.41666698
GRC,HUN,1960,5000000,1785714.9,.35714298
GRC,HUN,1961,8000000,2857144,.35714298
GRC,HUN,1962,32000000,11428576,.35714298
GRC,HUN,1963,7000000,2500001,.35714298
GRC,HUN,1964,9000000,3214286.8,.35714298
GRC,HUN,1965,7000000,2500001,.35714298
GRC,HUN,1966,8000000,2857144,.35714298
GRC,HUN,1967,12000000,4345240,.36210334
GRC,HUN,1968,8000000,3333336,.41666698
GRC,HUN,1969,8000000,3333336,.41666698
GRC,HUN,1970,11000000,4583337,.41666698
GRC,POL,1960,6000000,2142858,.35714298
GRC,POL,1961,8000000,2857144,.35714298
GRC,POL,1962,5000000,1785714.9,.35714298
GRC,POL,1963,8000000,2857144,.35714298
GRC,POL,1964,9000000,3214286.8,.35714298
GRC,POL,1965,14000000,5000002,.35714298
GRC,POL,1966,12000000,4285716,.35714298
GRC,POL,1967,11000000,3983136.8,.36210334
GRC,POL,1968,6000000,2500002,.41666698
GRC,POL,1969,12000000,5000004,.41666698
GRC,POL,1970,8000000,3333336,.41666698
GRC,ROM,1960,2000000,714286,.35714298
GRC,ROM,1961,2000000,714286,.35714298
GRC,ROM,1962,3000000,1071429,.35714298
GRC,ROM,1963,3000000,1071429,.35714298
GRC,ROM,1964,4000000,1428572,.35714298
GRC,ROM,1965,4000000,1428572,.35714298
GRC,ROM,1966,8000000,2857144,.35714298
GRC,ROM,1967,5000000,1810516.8,.36210334
GRC,ROM,1968,6000000,2500002,.41666698
GRC,ROM,1969,5000000,2083334.9,.41666698
GRC,ROM,1970,7000000,2916669,.41666698
HUN,BGR,1960,12000000,4285716,.35714298
HUN,BGR,1961,13000000,4642859,.35714298
HUN,BGR,1962,15000000,5357145,.35714298
HUN,BGR,1963,18000000,6428573.5,.35714298
HUN,BGR,1964,17000000,6071430.5,.35714298
HUN,BGR,1965,20000000,7142859.5,.35714298
HUN,BGR,1966,29000000,10357147,.35714298
HUN,BGR,1967,30000000,10863100,.36210334
HUN,BGR,1968,30000000,12500010,.41666698
HUN,BGR,1969,32000000,13333344,.41666698
HUN,BGR,1970,25000000,10416675,.41666698
HUN,CZSK,1960,94000000,33571440,.35714298
HUN,CZSK,1961,136000000,48571444,.35714298
HUN,CZSK,1962,139000000,49642876,.35714298
HUN,CZSK,1963,131000000,46785732,.35714298
HUN,CZSK,1964,147000000,52500020,.35714298
HUN,CZSK,1965,171000000,61071452,.35714298
HUN,CZSK,1966,172000000,61428592,.35714298
HUN,CZSK,1967,151000000,54677604,.36210334
HUN,CZSK,1968,181000000,75416728,.41666698
HUN,CZSK,1969,191000000,79583392,.41666698
HUN,CZSK,1970,182000000,75833392,.41666698
HUN,EDEU,1960,94000000,33571440,.35714298
HUN,EDEU,1961,104000000,37142872,.35714298
HUN,EDEU,1962,98000000,35000012,.35714298
HUN,EDEU,1963,95000000,33928584,.35714298
HUN,EDEU,1964,112000000,40000016,.35714298
HUN,EDEU,1965,124000000,44285732,.35714298
HUN,EDEU,1966,152000000,54285732,.35714298
HUN,EDEU,1967,153000000,55401812,.36210334
HUN,EDEU,1968,172000000,71666720,.41666698
HUN,EDEU,1969,212000000,88333400,.41666698
HUN,EDEU,1970,222000000,92500072,.41666698
HUN,POL,1960,46000000,16428577,.35714298
HUN,POL,1961,59000000,21071436,.35714298
HUN,POL,1962,68000000,24285722,.35714298
HUN,POL,1963,76000000,27142866,.35714298
HUN,POL,1964,83000000,29642868,.35714298
HUN,POL,1965,106000000,37857156,.35714298
HUN,POL,1966,104000000,37142872,.35714298
HUN,POL,1967,104000000,37658748,.36210334
HUN,POL,1968,98000000,40833364,.41666698
HUN,POL,1969,117000000,48750036,.41666698
HUN,POL,1970,138000000,57500044,.41666698
HUN,ROM,1960,26000000,9285718,.35714298
HUN,ROM,1961,29000000,10357147,.35714298
HUN,ROM,1962,36000000,12857147,.35714298
HUN,ROM,1963,34000000,12142861,.35714298
HUN,ROM,1964,43000000,15357148,.35714298
HUN,ROM,1965,28000000,10000004,.35714298
HUN,ROM,1966,31000000,11071433,.35714298
HUN,ROM,1967,35000000,12673617,.36210334
HUN,ROM,1968,35000000,14583344,.41666698
HUN,ROM,1969,43000000,17916680,.41666698
HUN,ROM,1970,48000000,20000016,.41666698
IND,BGR,1960,0,0,.35714298
IND,BGR,1961,,,.35714298
IND,BGR,1962,,,.35714298
IND,BGR,1963,4000000,1428572,.35714298
IND,BGR,1964,9000000,3214286.8,.35714298
IND,BGR,1965,8000000,2857144,.35714298
IND,BGR,1966,4000000,1428572,.35714298
IND,BGR,1967,7000000,2534723.5,.36210334
IND,BGR,1968,5000000,2083334.9,.41666698
IND,BGR,1969,15000000,6250005,.41666698
IND,BGR,1970,10000000,4166669.8,.41666698
IND,CZSK,1960,12000000,4285716,.35714298
IND,CZSK,1961,21000000,7500002.5,.35714298
IND,CZSK,1962,25000000,8928575,.35714298
IND,CZSK,1963,32000000,11428576,.35714298
IND,CZSK,1964,34000000,12142861,.35714298
IND,CZSK,1965,35000000,12500004,.35714298
IND,CZSK,1966,39000000,13928576,.35714298
IND,CZSK,1967,42000000,15208340,.36210334
IND,CZSK,1968,43000000,17916680,.41666698
IND,CZSK,1969,44000000,18333348,.41666698
IND,CZSK,1970,36000000,15000011,.41666698
IND,EDEU,1960,17000000,6071430.5,.35714298
IND,EDEU,1961,13000000,4642859,.35714298
IND,EDEU,1962,21000000,7500002.5,.35714298
IND,EDEU,1963,24000000,8571432,.35714298
IND,EDEU,1964,24000000,8571432,.35714298
IND,EDEU,1965,29000000,10357147,.35714298
IND,EDEU,1966,24000000,8571432,.35714298
IND,EDEU,1967,23000000,8328377,.36210334
IND,EDEU,1968,28000000,11666676,.41666698
IND,EDEU,1969,28000000,11666676,.41666698
IND,EDEU,1970,34000000,14166677,.41666698
IND,HUN,1960,7000000,2500001,.35714298
IND,HUN,1961,14000000,5000002,.35714298
IND,HUN,1962,21000000,7500002.5,.35714298
IND,HUN,1963,17000000,6071430.5,.35714298
IND,HUN,1964,21000000,7500002.5,.35714298
IND,HUN,1965,22000000,7857145.5,.35714298
IND,HUN,1966,22000000,7857145.5,.35714298
IND,HUN,1967,23000000,8328377,.36210334
IND,HUN,1968,28000000,11666676,.41666698
IND,HUN,1969,19000000,7916672.5,.41666698
IND,HUN,1970,23000000,9583341,.41666698
IND,POL,1960,8000000,2857144,.35714298
IND,POL,1961,7000000,2500001,.35714298
IND,POL,1962,19000000,6785716.5,.35714298
IND,POL,1963,20000000,7142859.5,.35714298
IND,POL,1964,23000000,8214288.5,.35714298
IND,POL,1965,18000000,6428573.5,.35714298
IND,POL,1966,20000000,7142859.5,.35714298
IND,POL,1967,24000000,8690480,.36210334
IND,POL,1968,37000000,15416678,.41666698
IND,POL,1969,29000000,12083343,.41666698
IND,POL,1970,33000000,13750010,.41666698
IND,ROM,1960,3000000,1071429,.35714298
IND,ROM,1961,5000000,1785714.9,.35714298
IND,ROM,1962,8000000,2857144,.35714298
IND,ROM,1963,6000000,2142858,.35714298
IND,ROM,1964,4000000,1428572,.35714298
IND,ROM,1965,9000000,3214286.8,.35714298
IND,ROM,1966,7000000,2500001,.35714298
IND,ROM,1967,8000000,2896826.8,.36210334
IND,ROM,1968,6000000,2500002,.41666698
IND,ROM,1969,9000000,3750002.8,.41666698
IND,ROM,1970,15000000,6250005,.41666698
ITA,BGR,1960,7000000,2500001,.35714298
ITA,BGR,1961,10000000,3571429.8,.35714298
ITA,BGR,1962,14000000,5000002,.35714298
ITA,BGR,1963,18000000,6428573.5,.35714298
ITA,BGR,1964,29000000,10357147,.35714298
ITA,BGR,1965,33000000,11785719,.35714298
ITA,BGR,1966,41000000,14642862,.35714298
ITA,BGR,1967,63000000,22812510,.36210334
ITA,BGR,1968,57000000,23750018,.41666698
ITA,BGR,1969,55000000,22916684,.41666698
ITA,BGR,1970,57000000,23750018,.41666698
ITA,CZSK,1960,18000000,6428573.5,.35714298
ITA,CZSK,1961,25000000,8928575,.35714298
ITA,CZSK,1962,28000000,10000004,.35714298
ITA,CZSK,1963,23000000,8214288.5,.35714298
ITA,CZSK,1964,33000000,11785719,.35714298
ITA,CZSK,1965,40000000,14285719,.35714298
ITA,CZSK,1966,58000000,20714294,.35714298
ITA,CZSK,1967,48000000,17380960,.36210334
ITA,CZSK,1968,51000000,21250016,.41666698
ITA,CZSK,1969,62000000,25833354,.41666698
ITA,CZSK,1970,79000000,32916692,.41666698
ITA,EDEU,1960,12000000,4285716,.35714298
ITA,EDEU,1961,18000000,6428573.5,.35714298
ITA,EDEU,1962,12000000,4285716,.35714298
ITA,EDEU,1963,16000000,5714288,.35714298
ITA,EDEU,1964,15000000,5357145,.35714298
ITA,EDEU,1965,23000000,8214288.5,.35714298
ITA,EDEU,1966,26000000,9285718,.35714298
ITA,EDEU,1967,28000000,10138894,.36210334
ITA,EDEU,1968,32000000,13333344,.41666698
ITA,EDEU,1969,36000000,15000011,.41666698
ITA,EDEU,1970,35000000,14583344,.41666698
ITA,HUN,1960,27000000,9642861,.35714298
ITA,HUN,1961,26000000,9285718,.35714298
ITA,HUN,1962,27000000,9642861,.35714298
ITA,HUN,1963,31000000,11071433,.35714298
ITA,HUN,1964,35000000,12500004,.35714298
ITA,HUN,1965,49000000,17500006,.35714298
ITA,HUN,1966,48000000,17142864,.35714298
ITA,HUN,1967,54000000,19553580,.36210334
ITA,HUN,1968,70000000,29166688,.41666698
ITA,HUN,1969,74000000,30833356,.41666698
ITA,HUN,1970,97000000,40416696,.41666698
ITA,POL,1960,22000000,7857145.5,.35714298
ITA,POL,1961,30000000,10714290,.35714298
ITA,POL,1962,30000000,10714290,.35714298
ITA,POL,1963,35000000,12500004,.35714298
ITA,POL,1964,33000000,11785719,.35714298
ITA,POL,1965,49000000,17500006,.35714298
ITA,POL,1966,70000000,25000008,.35714298
ITA,POL,1967,66000000,23898820,.36210334
ITA,POL,1968,89000000,37083360,.41666698
ITA,POL,1969,92000000,38333364,.41666698
ITA,POL,1970,73000000,30416690,.41666698
ITA,ROM,1960,16000000,5714288,.35714298
ITA,ROM,1961,24000000,8571432,.35714298
ITA,ROM,1962,47000000,16785720,.35714298
ITA,ROM,1963,49000000,17500006,.35714298
ITA,ROM,1964,48000000,17142864,.35714298
ITA,ROM,1965,52000000,18571436,.35714298
ITA,ROM,1966,49000000,17500006,.35714298
ITA,ROM,1967,88000000,31865094,.36210334
ITA,ROM,1968,102000000,42500032,.41666698
ITA,ROM,1969,93000000,38750028,.41666698
ITA,ROM,1970,96000000,40000032,.41666698
MNG,BGR,1960,1000000,357143,.35714298
MNG,BGR,1961,1000000,357143,.35714298
MNG,BGR,1962,1000000,357143,.35714298
MNG,BGR,1963,2000000,714286,.35714298
MNG,BGR,1964,1000000,357143,.35714298
MNG,BGR,1965,2000000,714286,.35714298
MNG,BGR,1966,2000000,714286,.35714298
MNG,BGR,1967,2000000,724206.69,.36210334
MNG,BGR,1968,2000000,833334,.41666698
MNG,BGR,1969,4000000,1666668,.41666698
MNG,BGR,1970,4000000,1666668,.41666698
MNG,CZSK,1960,6000000,2142858,.35714298
MNG,CZSK,1961,6000000,2142858,.35714298
MNG,CZSK,1962,6000000,2142858,.35714298
MNG,CZSK,1963,5000000,1785714.9,.35714298
MNG,CZSK,1964,6000000,2142858,.35714298
MNG,CZSK,1965,5000000,1785714.9,.35714298
MNG,CZSK,1966,6000000,2142858,.35714298
MNG,CZSK,1967,7000000,2534723.5,.36210334
MNG,CZSK,1968,6000000,2500002,.41666698
MNG,CZSK,1969,6000000,2500002,.41666698
MNG,CZSK,1970,6000000,2500002,.41666698
MNG,EDEU,1960,2000000,714286,.35714298
MNG,EDEU,1961,4000000,1428572,.35714298
MNG,EDEU,1962,2000000,714286,.35714298
MNG,EDEU,1963,3000000,1071429,.35714298
MNG,EDEU,1964,2000000,714286,.35714298
MNG,EDEU,1965,3000000,1071429,.35714298
MNG,EDEU,1966,2000000,714286,.35714298
MNG,EDEU,1967,3000000,1086310,.36210334
MNG,EDEU,1968,4000000,1666668,.41666698
MNG,EDEU,1969,3000000,1250001,.41666698
MNG,EDEU,1970,5000000,2083334.9,.41666698
MNG,HUN,1960,2000000,714286,.35714298
MNG,HUN,1961,2000000,714286,.35714298
MNG,HUN,1962,2000000,714286,.35714298
MNG,HUN,1963,2000000,714286,.35714298
MNG,HUN,1964,2000000,714286,.35714298
MNG,HUN,1965,3000000,1071429,.35714298
MNG,HUN,1966,2000000,714286,.35714298
MNG,HUN,1967,3000000,1086310,.36210334
MNG,HUN,1968,2000000,833334,.41666698
MNG,HUN,1969,2000000,833334,.41666698
MNG,HUN,1970,2000000,833334,.41666698
MNG,POL,1960,2000000,714286,.35714298
MNG,POL,1961,2000000,714286,.35714298
MNG,POL,1962,2000000,714286,.35714298
MNG,POL,1963,3000000,1071429,.35714298
MNG,POL,1964,2000000,714286,.35714298
MNG,POL,1965,3000000,1071429,.35714298
MNG,POL,1966,2000000,714286,.35714298
MNG,POL,1967,4000000,1448413.4,.36210334
MNG,POL,1968,4000000,1666668,.41666698
MNG,POL,1969,4000000,1666668,.41666698
MNG,POL,1970,3000000,1250001,.41666698
MNG,ROM,1960,0,0,.35714298
MNG,ROM,1961,1000000,357143,.35714298
MNG,ROM,1962,1000000,357143,.35714298
MNG,ROM,1963,1000000,357143,.35714298
MNG,ROM,1964,1000000,357143,.35714298
MNG,ROM,1965,1000000,357143,.35714298
MNG,ROM,1966,1000000,357143,.35714298
MNG,ROM,1967,2000000,724206.69,.36210334
MNG,ROM,1968,2000000,833334,.41666698
MNG,ROM,1969,2000000,833334,.41666698
MNG,ROM,1970,2000000,833334,.41666698
POL,BGR,1960,22000000,7857145.5,.35714298
POL,BGR,1961,23000000,8214288.5,.35714298
POL,BGR,1962,24000000,8571432,.35714298
POL,BGR,1963,34000000,12142861,.35714298
POL,BGR,1964,35000000,12500004,.35714298
POL,BGR,1965,46000000,16428577,.35714298
POL,BGR,1966,43000000,15357148,.35714298
POL,BGR,1967,47000000,17018858,.36210334
POL,BGR,1968,64000000,26666688,.41666698
POL,BGR,1969,82000000,34166692,.41666698
POL,BGR,1970,64000000,26666688,.41666698
POL,CZSK,1960,111000000,39642872,.35714298
POL,CZSK,1961,141000000,50357160,.35714298
POL,CZSK,1962,145000000,51785732,.35714298
POL,CZSK,1963,146000000,52142876,.35714298
POL,CZSK,1964,193000000,68928600,.35714298
POL,CZSK,1965,209000000,74642880,.35714298
POL,CZSK,1966,180000000,64285736,.35714298
POL,CZSK,1967,199000000,72058568,.36210334
POL,CZSK,1968,248000000,103333416,.41666698
POL,CZSK,1969,260000000,108333416,.41666698
POL,CZSK,1970,270000000,112500088,.41666698
POL,EDEU,1960,109000000,38928584,.35714298
POL,EDEU,1961,102000000,36428584,.35714298
POL,EDEU,1962,108000000,38571444,.35714298
POL,EDEU,1963,108000000,38571444,.35714298
POL,EDEU,1964,145000000,51785732,.35714298
POL,EDEU,1965,140000000,50000016,.35714298
POL,EDEU,1966,155000000,55357164,.35714298
POL,EDEU,1967,165000000,59747052,.36210334
POL,EDEU,1968,224000000,93333408,.41666698
POL,EDEU,1969,263000000,109583416,.41666698
POL,EDEU,1970,293000000,122083424,.41666698
POL,HUN,1960,50000000,17857150,.35714298
POL,HUN,1961,58000000,20714294,.35714298
POL,HUN,1962,67000000,23928580,.35714298
POL,HUN,1963,80000000,28571438,.35714298
POL,HUN,1964,95000000,33928584,.35714298
POL,HUN,1965,88000000,31428582,.35714298
POL,HUN,1966,92000000,32857154,.35714298
POL,HUN,1967,112000000,40555576,.36210334
POL,HUN,1968,113000000,47083368,.41666698
POL,HUN,1969,117000000,48750036,.41666698
POL,HUN,1970,145000000,60416712,.41666698
POL,ROM,1960,23000000,8214288.5,.35714298
POL,ROM,1961,32000000,11428576,.35714298
POL,ROM,1962,35000000,12500004,.35714298
POL,ROM,1963,41000000,14642862,.35714298
POL,ROM,1964,41000000,14642862,.35714298
POL,ROM,1965,37000000,13214290,.35714298
POL,ROM,1966,44000000,15714291,.35714298
POL,ROM,1967,47000000,17018858,.36210334
POL,ROM,1968,58000000,24166686,.41666698
POL,ROM,1969,68000000,28333354,.41666698
POL,ROM,1970,77000000,32083358,.41666698
PRK,BGR,1960,2000000,714286,.35714298
PRK,BGR,1961,0,0,.35714298
PRK,BGR,1962,1000000,357143,.35714298
PRK,BGR,1963,1000000,357143,.35714298
PRK,BGR,1964,1000000,357143,.35714298
PRK,BGR,1965,1000000,357143,.35714298
PRK,BGR,1966,2000000,714286,.35714298
PRK,BGR,1967,1000000,362103.34,.36210334
PRK,BGR,1968,2000000,833334,.41666698
PRK,BGR,1969,2000000,833334,.41666698
PRK,BGR,1970,3000000,1250001,.41666698
PRK,CZSK,1960,4000000,1428572,.35714298
PRK,CZSK,1961,5000000,1785714.9,.35714298
PRK,CZSK,1962,6000000,2142858,.35714298
PRK,CZSK,1963,5000000,1785714.9,.35714298
PRK,CZSK,1964,7000000,2500001,.35714298
PRK,CZSK,1965,7000000,2500001,.35714298
PRK,CZSK,1966,10000000,3571429.8,.35714298
PRK,CZSK,1967,6000000,2172620,.36210334
PRK,CZSK,1968,7000000,2916669,.41666698
PRK,CZSK,1969,9000000,3750002.8,.41666698
PRK,CZSK,1970,12000000,5000004,.41666698
PRK,EDEU,1960,5000000,1785714.9,.35714298
PRK,EDEU,1961,3000000,1071429,.35714298
PRK,EDEU,1962,4000000,1428572,.35714298
PRK,EDEU,1963,3000000,1071429,.35714298
PRK,EDEU,1964,2000000,714286,.35714298
PRK,EDEU,1965,3000000,1071429,.35714298
PRK,EDEU,1966,3000000,1071429,.35714298
PRK,EDEU,1967,5000000,1810516.8,.36210334
PRK,EDEU,1968,6000000,2500002,.41666698
PRK,EDEU,1969,13000000,5416671,.41666698
PRK,EDEU,1970,17000000,7083338.5,.41666698
PRK,HUN,1960,3000000,1071429,.35714298
PRK,HUN,1961,1000000,357143,.35714298
PRK,HUN,1962,2000000,714286,.35714298
PRK,HUN,1963,2000000,714286,.35714298
PRK,HUN,1964,2000000,714286,.35714298
PRK,HUN,1965,3000000,1071429,.35714298
PRK,HUN,1966,3000000,1071429,.35714298
PRK,HUN,1967,2000000,724206.69,.36210334
PRK,HUN,1968,2000000,833334,.41666698
PRK,HUN,1969,3000000,1250001,.41666698
PRK,HUN,1970,4000000,1666668,.41666698
PRK,POL,1960,2000000,714286,.35714298
PRK,POL,1961,3000000,1071429,.35714298
PRK,POL,1962,4000000,1428572,.35714298
PRK,POL,1963,4000000,1428572,.35714298
PRK,POL,1964,4000000,1428572,.35714298
PRK,POL,1965,6000000,2142858,.35714298
PRK,POL,1966,6000000,2142858,.35714298
PRK,POL,1967,2000000,724206.69,.36210334
PRK,POL,1968,9000000,3750002.8,.41666698
PRK,POL,1969,8000000,3333336,.41666698
PRK,POL,1970,10000000,4166669.8,.41666698
PRK,ROM,1960,3000000,1071429,.35714298
PRK,ROM,1961,3000000,1071429,.35714298
PRK,ROM,1962,2000000,714286,.35714298
PRK,ROM,1963,6000000,2142858,.35714298
PRK,ROM,1964,6000000,2142858,.35714298
PRK,ROM,1965,4000000,1428572,.35714298
PRK,ROM,1966,3000000,1071429,.35714298
PRK,ROM,1967,5000000,1810516.8,.36210334
PRK,ROM,1968,6000000,2500002,.41666698
PRK,ROM,1969,5000000,2083334.9,.41666698
PRK,ROM,1970,6000000,2500002,.41666698
ROM,BGR,1960,9000000,3214286.8,.35714298
ROM,BGR,1961,7000000,2500001,.35714298
ROM,BGR,1962,13000000,4642859,.35714298
ROM,BGR,1963,12000000,4285716,.35714298
ROM,BGR,1964,7000000,2500001,.35714298
ROM,BGR,1965,9000000,3214286.8,.35714298
ROM,BGR,1966,16000000,5714288,.35714298
ROM,BGR,1967,21000000,7604170,.36210334
ROM,BGR,1968,20000000,8333339.5,.41666698
ROM,BGR,1969,16000000,6666672,.41666698
ROM,BGR,1970,29000000,12083343,.41666698
ROM,CZSK,1960,64000000,22857152,.35714298
ROM,CZSK,1961,54000000,19285722,.35714298
ROM,CZSK,1962,60000000,21428580,.35714298
ROM,CZSK,1963,53000000,18928578,.35714298
ROM,CZSK,1964,75000000,26785724,.35714298
ROM,CZSK,1965,94000000,33571440,.35714298
ROM,CZSK,1966,92000000,32857154,.35714298
ROM,CZSK,1967,86000000,31140888,.36210334
ROM,CZSK,1968,109000000,45416700,.41666698
ROM,CZSK,1969,139000000,57916712,.41666698
ROM,CZSK,1970,136000000,56666708,.41666698
ROM,EDEU,1960,52000000,18571436,.35714298
ROM,EDEU,1961,50000000,17857150,.35714298
ROM,EDEU,1962,44000000,15714291,.35714298
ROM,EDEU,1963,37000000,13214290,.35714298
ROM,EDEU,1964,63000000,22500008,.35714298
ROM,EDEU,1965,73000000,26071438,.35714298
ROM,EDEU,1966,66000000,23571438,.35714298
ROM,EDEU,1967,71000000,25709338,.36210334
ROM,EDEU,1968,77000000,32083358,.41666698
ROM,EDEU,1969,115000000,47916704,.41666698
ROM,EDEU,1970,105000000,43750032,.41666698
ROM,HUN,1960,42000000,15000005,.35714298
ROM,HUN,1961,24000000,8571432,.35714298
ROM,HUN,1962,39000000,13928576,.35714298
ROM,HUN,1963,36000000,12857147,.35714298
ROM,HUN,1964,42000000,15000005,.35714298
ROM,HUN,1965,39000000,13928576,.35714298
ROM,HUN,1966,33000000,11785719,.35714298
ROM,HUN,1967,39000000,14122030,.36210334
ROM,HUN,1968,36000000,15000011,.41666698
ROM,HUN,1969,38000000,15833345,.41666698
ROM,HUN,1970,61000000,25416686,.41666698
ROM,POL,1960,20000000,7142859.5,.35714298
ROM,POL,1961,24000000,8571432,.35714298
ROM,POL,1962,40000000,14285719,.35714298
ROM,POL,1963,33000000,11785719,.35714298
ROM,POL,1964,30000000,10714290,.35714298
ROM,POL,1965,45000000,16071434,.35714298
ROM,POL,1966,41000000,14642862,.35714298
ROM,POL,1967,50000000,18105168,.36210334
ROM,POL,1968,58000000,24166686,.41666698
ROM,POL,1969,60000000,25000020,.41666698
ROM,POL,1970,72000000,30000022,.41666698
TUR,BGR,1960,2000000,714286,.35714298
TUR,BGR,1961,1000000,357143,.35714298
TUR,BGR,1962,1000000,357143,.35714298
TUR,BGR,1963,3000000,1071429,.35714298
TUR,BGR,1964,3000000,1071429,.35714298
TUR,BGR,1965,4000000,1428572,.35714298
TUR,BGR,1966,5000000,1785714.9,.35714298
TUR,BGR,1967,4000000,1448413.4,.36210334
TUR,BGR,1968,5000000,2083334.9,.41666698
TUR,BGR,1969,5000000,2083334.9,.41666698
TUR,BGR,1970,5000000,2083334.9,.41666698
TUR,CZSK,1960,16000000,5714288,.35714298
TUR,CZSK,1961,9000000,3214286.8,.35714298
TUR,CZSK,1962,9000000,3214286.8,.35714298
TUR,CZSK,1963,10000000,3571429.8,.35714298
TUR,CZSK,1964,8000000,2857144,.35714298
TUR,CZSK,1965,12000000,4285716,.35714298
TUR,CZSK,1966,10000000,3571429.8,.35714298
TUR,CZSK,1967,11000000,3983136.8,.36210334
TUR,CZSK,1968,13000000,5416671,.41666698
TUR,CZSK,1969,14000000,5833338,.41666698
TUR,CZSK,1970,12000000,5000004,.41666698
TUR,EDEU,1960,6000000,2142858,.35714298
TUR,EDEU,1961,6000000,2142858,.35714298
TUR,EDEU,1962,2000000,714286,.35714298
TUR,EDEU,1963,5000000,1785714.9,.35714298
TUR,EDEU,1964,5000000,1785714.9,.35714298
TUR,EDEU,1965,5000000,1785714.9,.35714298
TUR,EDEU,1966,6000000,2142858,.35714298
TUR,EDEU,1967,7000000,2534723.5,.36210334
TUR,EDEU,1968,7000000,2916669,.41666698
TUR,EDEU,1969,8000000,3333336,.41666698
TUR,EDEU,1970,7000000,2916669,.41666698
TUR,HUN,1960,7000000,2500001,.35714298
TUR,HUN,1961,4000000,1428572,.35714298
TUR,HUN,1962,3000000,1071429,.35714298
TUR,HUN,1963,4000000,1428572,.35714298
TUR,HUN,1964,6000000,2142858,.35714298
TUR,HUN,1965,10000000,3571429.8,.35714298
TUR,HUN,1966,16000000,5714288,.35714298
TUR,HUN,1967,15000000,5431550,.36210334
TUR,HUN,1968,15000000,6250005,.41666698
TUR,HUN,1969,14000000,5833338,.41666698
TUR,HUN,1970,17000000,7083338.5,.41666698
TUR,POL,1960,4000000,1428572,.35714298
TUR,POL,1961,4000000,1428572,.35714298
TUR,POL,1962,5000000,1785714.9,.35714298
TUR,POL,1963,6000000,2142858,.35714298
TUR,POL,1964,6000000,2142858,.35714298
TUR,POL,1965,9000000,3214286.8,.35714298
TUR,POL,1966,8000000,2857144,.35714298
TUR,POL,1967,8000000,2896826.8,.36210334
TUR,POL,1968,9000000,3750002.8,.41666698
TUR,POL,1969,9000000,3750002.8,.41666698
TUR,POL,1970,8000000,3333336,.41666698
TUR,ROM,1960,1000000,357143,.35714298
TUR,ROM,1961,2000000,714286,.35714298
TUR,ROM,1962,1000000,357143,.35714298
TUR,ROM,1963,1000000,357143,.35714298
TUR,ROM,1964,1000000,357143,.35714298
TUR,ROM,1965,3000000,1071429,.35714298
TUR,ROM,1966,3000000,1071429,.35714298
TUR,ROM,1967,4000000,1448413.4,.36210334
TUR,ROM,1968,7000000,2916669,.41666698
TUR,ROM,1969,9000000,3750002.8,.41666698
TUR,ROM,1970,3000000,1250001,.41666698
USA,BGR,1960,0,0,.35714298
USA,BGR,1961,0,0,.35714298
USA,BGR,1962,0,0,.35714298
USA,BGR,1963,0,0,.35714298
USA,BGR,1964,3000000,1071429,.35714298
USA,BGR,1965,1000000,357143,.35714298
USA,BGR,1966,1000000,357143,.35714298
USA,BGR,1967,1000000,362103.34,.36210334
USA,BGR,1968,3000000,1250001,.41666698
USA,BGR,1969,1000000,416667,.41666698
USA,BGR,1970,6000000,2500002,.41666698
USA,CZSK,1960,6000000,2142858,.35714298
USA,CZSK,1961,8000000,2857144,.35714298
USA,CZSK,1962,7000000,2500001,.35714298
USA,CZSK,1963,11000000,3928572.8,.35714298
USA,CZSK,1964,14000000,5000002,.35714298
USA,CZSK,1965,19000000,6785716.5,.35714298
USA,CZSK,1966,42000000,15000005,.35714298
USA,CZSK,1967,18000000,6517860,.36210334
USA,CZSK,1968,16000000,6666672,.41666698
USA,CZSK,1969,18000000,7500005.5,.41666698
USA,CZSK,1970,27000000,11250009,.41666698
USA,EDEU,1960,5000000,1785714.9,.35714298
USA,EDEU,1961,4000000,1428572,.35714298
USA,EDEU,1962,1000000,357143,.35714298
USA,EDEU,1963,1000000,357143,.35714298
USA,EDEU,1964,10000000,3571429.8,.35714298
USA,EDEU,1965,7000000,2500001,.35714298
USA,EDEU,1966,25000000,8928575,.35714298
USA,EDEU,1967,25000000,9052584,.36210334
USA,EDEU,1968,24000000,10000008,.41666698
USA,EDEU,1969,21000000,8750007,.41666698
USA,EDEU,1970,40000000,16666679,.41666698
USA,HUN,1960,2000000,714286,.35714298
USA,HUN,1961,5000000,1785714.9,.35714298
USA,HUN,1962,1000000,357143,.35714298
USA,HUN,1963,6000000,2142858,.35714298
USA,HUN,1964,37000000,13214290,.35714298
USA,HUN,1965,21000000,7500002.5,.35714298
USA,HUN,1966,15000000,5357145,.35714298
USA,HUN,1967,8000000,2896826.8,.36210334
USA,HUN,1968,11000000,4583337,.41666698
USA,HUN,1969,9000000,3750002.8,.41666698
USA,HUN,1970,28000000,11666676,.41666698
USA,POL,1960,84000000,30000010,.35714298
USA,POL,1961,121000000,43214300,.35714298
USA,POL,1962,79000000,28214296,.35714298
USA,POL,1963,87000000,31071440,.35714298
USA,POL,1964,113000000,40357156,.35714298
USA,POL,1965,30000000,10714290,.35714298
USA,POL,1966,45000000,16071434,.35714298
USA,POL,1967,51000000,18467270,.36210334
USA,POL,1968,48000000,20000016,.41666698
USA,POL,1969,49000000,20416682,.41666698
USA,POL,1970,58000000,24166686,.41666698
USA,ROM,1960,6000000,2142858,.35714298
USA,ROM,1961,4000000,1428572,.35714298
USA,ROM,1962,2000000,714286,.35714298
USA,ROM,1963,1000000,357143,.35714298
USA,ROM,1964,5000000,1785714.9,.35714298
USA,ROM,1965,9000000,3214286.8,.35714298
USA,ROM,1966,27000000,9642861,.35714298
USA,ROM,1967,18000000,6517860,.36210334
USA,ROM,1968,19000000,7916672.5,.41666698
USA,ROM,1969,22000000,9166674,.41666698
USA,ROM,1970,60000000,25000020,.41666698
USSR,BGR,1960,332000000,118571472,.35714298
USSR,BGR,1961,356000000,127142904,.35714298
USSR,BGR,1962,443000000,158214336,.35714298
USSR,BGR,1963,500000000,178571488,.35714298
USSR,BGR,1964,561000000,200357216,.35714298
USSR,BGR,1965,589000000,210357216,.35714298
USSR,BGR,1966,706000000,252142944,.35714298
USSR,BGR,1967,783000000,283526912,.36210334
USSR,BGR,1968,946000000,394166976,.41666698
USSR,BGR,1969,974000000,405833632,.41666698
USSR,BGR,1970,955000000,397916960,.41666698
USSR,CZSK,1960,630000000,225000080,.35714298
USSR,CZSK,1961,656000000,234285792,.35714298
USSR,CZSK,1962,781000000,278928672,.35714298
USSR,CZSK,1963,843000000,301071552,.35714298
USSR,CZSK,1964,913000000,326071552,.35714298
USSR,CZSK,1965,955000000,341071552,.35714298
USSR,CZSK,1966,915000000,326785824,.35714298
USSR,CZSK,1967,965000000,349429728,.36210334
USSR,CZSK,1968,1036000000,431667008,.41666698
USSR,CZSK,1969,1105000000,460417024,.41666698
USSR,CZSK,1970,1209000000,503750400,.41666698
USSR,EDEU,1960,958000000,342142976,.35714298
USSR,EDEU,1961,1071000000,382500128,.35714298
USSR,EDEU,1962,1246000000,445000160,.35714298
USSR,EDEU,1963,1173000000,418928736,.35714298
USSR,EDEU,1964,1211000000,432500160,.35714298
USSR,EDEU,1965,1205000000,430357312,.35714298
USSR,EDEU,1966,1384000000,494285888,.35714298
USSR,EDEU,1967,1418000000,513462528,.36210334
USSR,EDEU,1968,1493000000,622083776,.41666698
USSR,EDEU,1969,1744000000,726667200,.41666698
USSR,EDEU,1970,1945000000,810417280,.41666698
USSR,HUN,1960,303000000,108214328,.35714298
USSR,HUN,1961,356000000,127142904,.35714298
USSR,HUN,1962,417000000,148928624,.35714298
USSR,HUN,1963,432000000,154285776,.35714298
USSR,HUN,1964,497000000,177500064,.35714298
USSR,HUN,1965,553000000,197500064,.35714298
USSR,HUN,1966,517000000,184642928,.35714298
USSR,HUN,1967,592000000,214365184,.36210334
USSR,HUN,1968,648000000,270000192,.41666698
USSR,HUN,1969,713000000,297083552,.41666698
USSR,HUN,1970,830000000,345833600,.41666698
USSR,POL,1960,465000000,166071488,.35714298
USSR,POL,1961,490000000,175000064,.35714298
USSR,POL,1962,578000000,206428640,.35714298
USSR,POL,1963,647000000,231071504,.35714298
USSR,POL,1964,642000000,229285792,.35714298
USSR,POL,1965,728000000,260000096,.35714298
USSR,POL,1966,792000000,282857248,.35714298
USSR,POL,1967,921000000,333497184,.36210334
USSR,POL,1968,1011000000,421250336,.41666698
USSR,POL,1969,1200000000,500000384,.41666698
USSR,POL,1970,1361000000,567083776,.41666698
USSR,ROM,1960,266000000,95000032,.35714298
USSR,ROM,1961,299000000,106785752,.35714298
USSR,ROM,1962,370000000,132142904,.35714298
USSR,ROM,1963,399000000,142500048,.35714298
USSR,ROM,1964,493000000,176071488,.35714298
USSR,ROM,1965,406000000,145000048,.35714298
USSR,ROM,1966,394000000,140714336,.35714298
USSR,ROM,1967,396000000,143392928,.36210334
USSR,ROM,1968,427000000,177916800,.41666698
USSR,ROM,1969,465000000,193750144,.41666698
USSR,ROM,1970,501000000,208750160,.41666698
VNM,BGR,1960,2000000,714286,.35714298
VNM,BGR,1961,2000000,714286,.35714298
VNM,BGR,1962,2000000,714286,.35714298
VNM,BGR,1963,2000000,714286,.35714298
VNM,BGR,1964,2000000,714286,.35714298
VNM,BGR,1965,2000000,714286,.35714298
VNM,BGR,1966,1000000,357143,.35714298
VNM,BGR,1967,1000000,362103.34,.36210334
VNM,BGR,1968,1000000,416667,.41666698
VNM,BGR,1969,1000000,416667,.41666698
VNM,BGR,1970,2000000,833334,.41666698
VNM,CZSK,1960,4000000,1428572,.35714298
VNM,CZSK,1961,3000000,1071429,.35714298
VNM,CZSK,1962,7000000,2500001,.35714298
VNM,CZSK,1963,5000000,1785714.9,.35714298
VNM,CZSK,1964,5000000,1785714.9,.35714298
VNM,CZSK,1965,7000000,2500001,.35714298
VNM,CZSK,1966,5000000,1785714.9,.35714298
VNM,CZSK,1967,3000000,1086310,.36210334
VNM,CZSK,1968,4000000,1666668,.41666698
VNM,CZSK,1969,3000000,1250001,.41666698
VNM,CZSK,1970,6000000,2500002,.41666698
VNM,EDEU,1960,7000000,2500001,.35714298
VNM,EDEU,1961,4000000,1428572,.35714298
VNM,EDEU,1962,5000000,1785714.9,.35714298
VNM,EDEU,1963,3000000,1071429,.35714298
VNM,EDEU,1964,3000000,1071429,.35714298
VNM,EDEU,1965,6000000,2142858,.35714298
VNM,EDEU,1966,5000000,1785714.9,.35714298
VNM,EDEU,1967,4000000,1448413.4,.36210334
VNM,EDEU,1968,5000000,2083334.9,.41666698
VNM,EDEU,1969,3000000,1250001,.41666698
VNM,EDEU,1970,4000000,1666668,.41666698
VNM,HUN,1960,2000000,714286,.35714298
VNM,HUN,1961,2000000,714286,.35714298
VNM,HUN,1962,3000000,1071429,.35714298
VNM,HUN,1963,2000000,714286,.35714298
VNM,HUN,1964,5000000,1785714.9,.35714298
VNM,HUN,1965,4000000,1428572,.35714298
VNM,HUN,1966,2000000,714286,.35714298
VNM,HUN,1967,1000000,362103.34,.36210334
VNM,HUN,1968,1000000,416667,.41666698
VNM,HUN,1969,1000000,416667,.41666698
VNM,HUN,1970,1000000,416667,.41666698
VNM,POL,1960,6000000,2142858,.35714298
VNM,POL,1961,2000000,714286,.35714298
VNM,POL,1962,3000000,1071429,.35714298
VNM,POL,1963,3000000,1071429,.35714298
VNM,POL,1964,5000000,1785714.9,.35714298
VNM,POL,1965,5000000,1785714.9,.35714298
VNM,POL,1966,4000000,1428572,.35714298
VNM,POL,1967,2000000,724206.69,.36210334
VNM,POL,1968,2000000,833334,.41666698
VNM,POL,1969,3000000,1250001,.41666698
VNM,POL,1970,2000000,833334,.41666698
VNM,ROM,1960,2000000,714286,.35714298
VNM,ROM,1961,3000000,1071429,.35714298
VNM,ROM,1962,3000000,1071429,.35714298
VNM,ROM,1963,4000000,1428572,.35714298
VNM,ROM,1964,2000000,714286,.35714298
VNM,ROM,1965,2000000,714286,.35714298
VNM,ROM,1966,0,0,.35714298
VNM,ROM,1967,0,0,.36210334
VNM,ROM,1968,0,0,.41666698
VNM,ROM,1969,0,0,.41666698
VNM,ROM,1970,0,0,.41666698
WDEU,BGR,1960,38000000,13571433,.35714298
WDEU,BGR,1961,22000000,7857145.5,.35714298
WDEU,BGR,1962,22000000,7857145.5,.35714298
WDEU,BGR,1963,33000000,11785719,.35714298
WDEU,BGR,1964,60000000,21428580,.35714298
WDEU,BGR,1965,68000000,24285722,.35714298
WDEU,BGR,1966,132000000,47142876,.35714298
WDEU,BGR,1967,67000000,24260924,.36210334
WDEU,BGR,1968,72000000,30000022,.41666698
WDEU,BGR,1969,45000000,18750014,.41666698
WDEU,BGR,1970,49000000,20416682,.41666698
WDEU,CZSK,1960,59000000,21071436,.35714298
WDEU,CZSK,1961,62000000,22142866,.35714298
WDEU,CZSK,1962,61000000,21785722,.35714298
WDEU,CZSK,1963,46000000,16428577,.35714298
WDEU,CZSK,1964,70000000,25000008,.35714298
WDEU,CZSK,1965,88000000,31428582,.35714298
WDEU,CZSK,1966,81000000,28928582,.35714298
WDEU,CZSK,1967,83000000,30054578,.36210334
WDEU,CZSK,1968,101000000,42083364,.41666698
WDEU,CZSK,1969,147000000,61250048,.41666698
WDEU,CZSK,1970,210000000,87500064,.41666698
WDEU,EDEU,1960,214000000,76428600,.35714298
WDEU,EDEU,1961,204000000,72857168,.35714298
WDEU,EDEU,1962,196000000,70000024,.35714298
WDEU,EDEU,1963,197000000,70357168,.35714298
WDEU,EDEU,1964,256000000,91428608,.35714298
WDEU,EDEU,1965,264000000,94285752,.35714298
WDEU,EDEU,1966,350000000,125000048,.35714298
WDEU,EDEU,1967,307000000,111165728,.36210334
WDEU,EDEU,1968,292000000,121666760,.41666698
WDEU,EDEU,1969,465000000,193750144,.41666698
WDEU,EDEU,1970,515000000,214583504,.41666698
WDEU,HUN,1960,55000000,19642864,.35714298
WDEU,HUN,1961,55000000,19642864,.35714298
WDEU,HUN,1962,50000000,17857150,.35714298
WDEU,HUN,1963,63000000,22500008,.35714298
WDEU,HUN,1964,80000000,28571438,.35714298
WDEU,HUN,1965,77000000,27500010,.35714298
WDEU,HUN,1966,92000000,32857154,.35714298
WDEU,HUN,1967,104000000,37658748,.36210334
WDEU,HUN,1968,80000000,33333358,.41666698
WDEU,HUN,1969,85000000,35416692,.41666698
WDEU,HUN,1970,128000000,53333376,.41666698
WDEU,POL,1960,71000000,25357152,.35714298
WDEU,POL,1961,66000000,23571438,.35714298
WDEU,POL,1962,63000000,22500008,.35714298
WDEU,POL,1963,60000000,21428580,.35714298
WDEU,POL,1964,74000000,26428580,.35714298
WDEU,POL,1965,87000000,31071440,.35714298
WDEU,POL,1966,68000000,24285722,.35714298
WDEU,POL,1967,101000000,36572436,.36210334
WDEU,POL,1968,122000000,50833372,.41666698
WDEU,POL,1969,131000000,54583376,.41666698
WDEU,POL,1970,148000000,61666712,.41666698
WDEU,ROM,1960,46000000,16428577,.35714298
WDEU,ROM,1961,63000000,22500008,.35714298
WDEU,ROM,1962,80000000,28571438,.35714298
WDEU,ROM,1963,76000000,27142866,.35714298
WDEU,ROM,1964,88000000,31428582,.35714298
WDEU,ROM,1965,110000000,39285728,.35714298
WDEU,ROM,1966,148000000,52857160,.35714298
WDEU,ROM,1967,256000000,92698456,.36210334
WDEU,ROM,1968,172000000,71666720,.41666698
WDEU,ROM,1969,171000000,71250056,.41666698
WDEU,ROM,1970,160000000,66666716,.41666698
YUG,BGR,1960,8000000,2857144,.35714298
YUG,BGR,1961,8000000,2857144,.35714298
YUG,BGR,1962,6000000,2142858,.35714298
YUG,BGR,1963,8000000,2857144,.35714298
YUG,BGR,1964,10000000,3571429.8,.35714298
YUG,BGR,1965,20000000,7142859.5,.35714298
YUG,BGR,1966,23000000,8214288.5,.35714298
YUG,BGR,1967,28000000,10138894,.36210334
YUG,BGR,1968,32000000,13333344,.41666698
YUG,BGR,1969,18000000,7500005.5,.41666698
YUG,BGR,1970,21000000,8750007,.41666698
YUG,CZSK,1960,25000000,8928575,.35714298
YUG,CZSK,1961,17000000,6071430.5,.35714298
YUG,CZSK,1962,21000000,7500002.5,.35714298
YUG,CZSK,1963,23000000,8214288.5,.35714298
YUG,CZSK,1964,44000000,15714291,.35714298
YUG,CZSK,1965,72000000,25714294,.35714298
YUG,CZSK,1966,74000000,26428580,.35714298
YUG,CZSK,1967,53000000,19191478,.36210334
YUG,CZSK,1968,60000000,25000020,.41666698
YUG,CZSK,1969,64000000,26666688,.41666698
YUG,CZSK,1970,107000000,44583368,.41666698
YUG,EDEU,1960,44000000,15714291,.35714298
YUG,EDEU,1961,27000000,9642861,.35714298
YUG,EDEU,1962,36000000,12857147,.35714298
YUG,EDEU,1963,37000000,13214290,.35714298
YUG,EDEU,1964,64000000,22857152,.35714298
YUG,EDEU,1965,78000000,27857152,.35714298
YUG,EDEU,1966,68000000,24285722,.35714298
YUG,EDEU,1967,66000000,23898820,.36210334
YUG,EDEU,1968,58000000,24166686,.41666698
YUG,EDEU,1969,44000000,18333348,.41666698
YUG,EDEU,1970,50000000,20833350,.41666698
YUG,HUN,1960,20000000,7142859.5,.35714298
YUG,HUN,1961,19000000,6785716.5,.35714298
YUG,HUN,1962,11000000,3928572.8,.35714298
YUG,HUN,1963,12000000,4285716,.35714298
YUG,HUN,1964,24000000,8571432,.35714298
YUG,HUN,1965,27000000,9642861,.35714298
YUG,HUN,1966,30000000,10714290,.35714298
YUG,HUN,1967,32000000,11587307,.36210334
YUG,HUN,1968,30000000,12500010,.41666698
YUG,HUN,1969,47000000,19583348,.41666698
YUG,HUN,1970,46000000,19166682,.41666698
YUG,POL,1960,15000000,5357145,.35714298
YUG,POL,1961,39000000,13928576,.35714298
YUG,POL,1962,39000000,13928576,.35714298
YUG,POL,1963,35000000,12500004,.35714298
YUG,POL,1964,40000000,14285719,.35714298
YUG,POL,1965,63000000,22500008,.35714298
YUG,POL,1966,57000000,20357150,.35714298
YUG,POL,1967,47000000,17018858,.36210334
YUG,POL,1968,40000000,16666679,.41666698
YUG,POL,1969,53000000,22083350,.41666698
YUG,POL,1970,60000000,25000020,.41666698
YUG,ROM,1960,5000000,1785714.9,.35714298
YUG,ROM,1961,12000000,4285716,.35714298
YUG,ROM,1962,8000000,2857144,.35714298
YUG,ROM,1963,6000000,2142858,.35714298
YUG,ROM,1964,10000000,3571429.8,.35714298
YUG,ROM,1965,12000000,4285716,.35714298
YUG,ROM,1966,17000000,6071430.5,.35714298
YUG,ROM,1967,23000000,8328377,.36210334
YUG,ROM,1968,28000000,11666676,.41666698
YUG,ROM,1969,24000000,10000008,.41666698
YUG,ROM,1970,29000000,12083343,.41666698
